index,barkbands_crest,barkbands_flatness_db,barkbands_kurtosis,barkbands_skewness,barkbands_spread,dissonance,erbbands_crest,erbbands_kurtosis,erbbands_skewness,erbbands_spread,hfc,melbands_crest,melbands_flatness_db,melbands_kurtosis,melbands_skewness,melbands_spread,pitch_salience,silence_rate_30dB,silence_rate_60dB,spectral_centroid,spectral_complexity,spectral_decrease,spectral_energy,spectral_energyband_high,spectral_energyband_low,spectral_energyband_middle_high,spectral_energyband_middle_low,spectral_entropy,spectral_flux,spectral_kurtosis,spectral_rms,spectral_rolloff,spectral_skewness,spectral_spread,spectral_strongpeak,track_id,zerocrossingrate,label
0,11.2225875854,0.134089753032,6.04556751251,1.54340851307,19.7317066193,0.460017442703,8.7242565155,1.01569736004,0.385854661465,30.4599266052,21.1303882599,14.7795696259,0.206593185663,13.118437767,2.32519578934,22.8435726166,0.507220566273,0.997839391232,0.0694994628429,1258.11914063,18.1292762756,-7.72803154803e-09,0.0310839097947,0.000665618805215,0.0126997977495,0.00696520414203,0.0112972985953,7.54044866562,0.0753496810794,5.69141483307,0.00503634521738,1311.27575684,1.86282491684,4714427.5,1.03485238552,TRADLES12903CF2DEE,0.0538041852415,notsad
1,9.25127983093,0.119328767061,5.42427110672,1.49941313267,28.9348182678,0.473473519087,8.88129997253,0.275229722261,0.0928638800979,41.977355957,29.685962677,14.5820865631,0.18469825387,18.0077285767,2.84015989304,30.1512794495,0.523706674576,0.999880671501,0.0585988797247,1775.60083008,26.2082595825,-7.90276288853e-09,0.0325193703175,0.00160685193259,0.0140061685815,0.00753777381033,0.0105850417167,7.7328004837,0.0935146361589,3.55642843246,0.00535048684105,1928.66271973,1.23948788643,4616504.0,0.970745563507,TRAEIKW128F1456B1A,0.0705434381962,notsad
2,9.17197036743,0.117397814989,1.32869327068,0.672510325909,32.5071182251,0.471552401781,10.5361776352,1.75753343105,-0.0782602056861,30.8059883118,35.5109596252,14.3338594437,0.15940888226,7.73071575165,1.83053815365,41.2159194946,0.546289026737,1.0,0.0861909165978,1979.65209961,27.2557926178,-6.64626798041e-09,0.0283055007458,0.00164123787545,0.00792261958122,0.0110020916909,0.00870919041336,7.74934911728,0.0918702483177,4.03020524979,0.00488650379702,2562.62768555,1.33204483986,4625278.5,1.6146749258,TRAGQAZ128F42BB9B5,0.0882451087236,notsad
3,13.3218669891,0.198664024472,22.8028640747,2.87206149101,19.7146186829,0.438999652863,10.61693573,3.25775909424,0.804494261742,48.3967094421,19.1834278107,18.3777256012,0.289714813232,57.4597625732,4.29518079758,18.4065055847,0.455270141363,0.907131314278,0.213939800858,1069.04162598,9.1431016922,-1.00493835475e-08,0.039668649435,0.00119656103197,0.027651226148,0.00314463232644,0.00808612909168,7.27851486206,0.096865400672,5.89798974991,0.00487839477137,1395.78564453,1.82309818268,6099545.5,0.594626784325,TRANLAO128F149F078,0.0583065599203,notsad
4,16.7087650299,0.238849043846,31.1122074127,4.18094682693,7.88421726227,0.417147666216,12.7692079544,4.89397668839,1.76677513123,30.2356071472,8.9708108902,17.3106269836,0.323130100965,49.7462921143,4.82229375839,6.95412826538,0.494562089443,0.99863833189,0.0871459692717,518.066467285,7.09558820724,-4.87604800981e-09,0.0192170031369,0.000310552539304,0.00124791846611,0.000841064495035,0.0173121076077,6.45758533478,0.0510409735143,12.1850090027,0.00385541864671,748.785461426,2.45258188248,4044065.75,0.885877728462,TRAOFUT12903CEFFC7,0.0329678952694,notsad
5,10.6194486618,0.1866453439,5.90457344055,1.1911636591,9.89767169952,0.415168076754,12.854382515,6.19350767136,1.2919536829,17.1962985992,13.7705192566,13.1326684952,0.276759803295,6.74074411392,1.32878601551,13.008433342,0.540462851524,0.983920931816,0.0442833602428,717.994567871,11.7344312668,-7.83415732286e-09,0.0308170355856,0.000120360178698,0.00963600724936,0.00396330701187,0.0176877174526,6.88462352753,0.0728518441319,9.83246994019,0.00506190210581,866.737976074,2.64495635033,4602299.0,1.26879787445,TRASDAP128F932E2AD,0.0366384387016,notsad
6,10.9885444641,0.168450921774,13.4234933853,1.89110660553,17.6014251709,0.445285379887,8.85482215881,1.62911069393,0.549581944942,33.621131897,23.9541931152,14.6116952896,0.257259011269,13.9202432632,2.65838479996,17.8957386017,0.555980503559,0.994519770145,0.0639977678657,928.092590332,19.67694664,-9.98563454147e-09,0.039860766381,0.000928003224544,0.0175902154297,0.00582386599854,0.0177283491939,7.19057226181,0.0773071572185,18.2568473816,0.00569661473855,1235.57983398,2.7340195179,5224158.5,0.790647685528,TRAUSJF128F92FC51C,0.0618875399232,notsad
7,11.2059345245,0.205794617534,12.9923419952,2.47486948967,11.5801181793,0.447718828917,9.02226257324,1.51726007462,0.878258228302,37.0376091003,13.2426671982,14.7803497314,0.295600265265,24.289484024,3.33325052261,10.8056268692,0.529611170292,0.987888336182,0.0295857992023,754.870361328,14.0939350128,-8.04200261939e-09,0.0315536335111,0.000248337863013,0.0135814482346,0.00333266775124,0.0159949120134,6.98235416412,0.0738178491592,9.11253547668,0.00518945604563,679.807800293,2.16749715805,3890013.25,0.740112602711,TRAVGHH128F424AC33,0.0346489623189,notsad
8,12.3107700348,0.179241850972,10.860707283,1.99685072899,15.0818719864,0.435420930386,10.6257667542,2.13170862198,0.492516726255,28.6556892395,21.4460811615,17.4035797119,0.276037275791,17.6045436859,2.72359204292,15.4737052917,0.483346819878,0.932110309601,0.0404342934489,854.078430176,14.5632095337,-1.13639977428e-08,0.0448353923857,0.000556628161576,0.0237544942647,0.00785463862121,0.0141929350793,7.18699789047,0.0905891656876,9.18592166901,0.00604047207162,861.922973633,2.34896111488,4894580.5,1.06432044506,TRBTXZM128F42A8E35,0.0435271076858,notsad
9,9.23903942108,0.127701297402,19.8998394012,2.23205852509,37.6181373596,0.476651638746,7.63671302795,0.851916968822,0.106387317181,29.322473526,309.867858887,15.1164770126,0.234423652291,17.2287445068,2.45344805717,22.3185501099,0.571621656418,0.966717898846,0.0286738350987,1257.71435547,28.4415435791,-8.31353208497e-09,0.0594831258059,0.00146943470463,0.0215047691017,0.00896101817489,0.0154930911958,7.62126016617,0.133554071188,19.6032085419,0.00735518429428,17754.7050781,2.92049574852,4238870.0,5.54153060913,TRBYYKZ128F426266D,0.323486119509,notsad
10,12.0654630661,0.213927000761,15.0589294434,2.80508971214,13.3715047836,0.451078742743,10.421339035,1.85978007317,0.832133293152,41.581741333,9.88519382477,17.0287532806,0.311558842659,36.3249778748,4.11249732971,12.1222248077,0.502745687962,0.971058726311,0.149468794465,821.031677246,7.91329813004,-5.40075451028e-09,0.0212802980095,0.000474320811918,0.00954159907997,0.00124146975577,0.0108443945646,6.9523062706,0.0450793392956,10.5051488876,0.00386846694164,820.492492676,2.09392380714,4152802.75,0.656322777271,TRBZVIO12903CEFFCE,0.0384477525949,notsad
11,9.04263496399,0.11376234144,13.5274305344,1.01007854939,30.6104221344,0.478291511536,7.83708810806,0.524220824242,-0.252069026232,35.2992553711,31.4014015198,14.2292604446,0.164553761482,66.2118606567,2.38716769218,36.9183120728,0.560789704323,0.998118162155,0.107514739037,1868.39318848,26.4707069397,-7.61977414498e-09,0.0316070765257,0.0015489369398,0.0137501703575,0.00856767687947,0.0091340020299,7.75046777725,0.0913543701172,4.48648643494,0.00509900320321,2393.5065918,1.45091187954,4402241.5,0.82950091362,TRCESCG128F148BF0D,0.081481590867,notsad
12,10.3342647552,0.180607765913,6.88330745697,1.98142945766,16.3792266846,0.45786190033,8.79575920105,0.449237853289,0.357262343168,37.0126571655,16.7017326355,14.9439382553,0.261509269476,16.6434020996,3.00442647934,16.3154640198,0.566492676735,1.0,0.0987385809422,911.864990234,18.1541252136,-7.75280373233e-09,0.03077580221,0.00044802663615,0.00921096093953,0.00429423293099,0.0202107932419,7.12736272812,0.0833920314908,14.0455732346,0.00499742617831,1070.3963623,2.32838749886,3677419.25,0.728927671909,TRCOIPE128F4249C9C,0.0439816303551,notsad
13,11.9288444519,0.183328121901,7.85467433929,1.55416321754,16.5814437866,0.441460371017,11.9626321793,1.90080356598,0.547612965107,28.6305599213,21.0861797333,16.1169567108,0.247104391456,14.8604402542,2.31597137451,19.9112472534,0.508561193943,0.993655264378,0.180384203792,1178.51623535,14.5967569351,-7.03101665778e-09,0.0284492913634,0.0010597986402,0.0104574020952,0.00553949829191,0.0127406232059,7.1828827858,0.0774438753724,8.5207118988,0.00462376652285,1465.52233887,1.95101320744,3992907.25,1.09143269062,TRCOXTS128F14A67F6,0.0542394928634,notsad
14,11.6861095428,0.175915524364,9.86571311951,1.69538843632,16.6286125183,0.457772910595,11.2949848175,2.61373066902,0.490751117468,31.1143875122,12.6927928925,15.3171443939,0.245358094573,18.7343559265,2.57716536522,23.9859733582,0.539243042469,0.98973685503,0.31328946352,1391.61083984,10.3922367096,-4.04153732703e-09,0.0164048708975,0.00062644307036,0.00499915424734,0.00311183929443,0.00820615608245,7.22866344452,0.0593502111733,8.16902065277,0.00318827945739,1834.09265137,1.96657955647,4865850.0,0.956444919109,TRCSUUJ128F4228D70,0.0639857873321,notsad
15,9.09642887115,0.108127392828,4.78828716278,1.3307403326,28.164018631,0.470146507025,7.65388298035,0.708274126053,0.0307676978409,38.2542266846,25.8755073547,13.7865552902,0.170292556286,13.7790679932,2.43278288841,32.6978607178,0.576824903488,0.996129930019,0.0936958938837,1690.93286133,28.6573982239,-6.38680219822e-09,0.0264523010701,0.00126131996512,0.00925479549915,0.00650571333244,0.0103123961017,7.6756606102,0.0872936621308,5.72217226028,0.00459776632488,2097.43774414,1.60584461689,4564493.5,0.733778834343,TRCUHOD128F4291493,0.079281181097,notsad
16,8.22878265381,0.122063428164,2.27781438828,1.36043488979,23.6499462128,0.468325555325,7.76017284393,-0.194300055504,0.111150227487,38.8962402344,25.3079891205,12.921090126,0.189677625895,8.94096851349,2.39516639709,24.2650318146,0.579078495502,0.999819874763,0.054935157299,1427.79406738,27.5747470856,-8.43839131903e-09,0.0341440662742,0.00086793344235,0.0112833026797,0.00719785504043,0.0165841840208,7.57519340515,0.0884043872356,7.71397924423,0.00549544487149,1472.63476562,1.62626695633,4025846.0,0.811796247959,TRDEVLI128F148B9A1,0.0583390109241,notsad
17,12.7865123749,0.209552049637,15.7532491684,2.37233161926,13.0056114197,0.449734419584,10.9242525101,2.64431262016,0.476534903049,30.2931365967,17.3688640594,16.1472301483,0.30099606514,27.411605835,3.30839180946,12.4446649551,0.467922568321,0.986648738384,0.0713060349226,814.284790039,14.810546875,-1.16771428083e-08,0.0456476472318,0.000346115761204,0.0245118364692,0.00537109700963,0.018115516752,7.04664850235,0.0905202776194,10.5498962402,0.00627608969808,677.158935547,2.16303753853,3548336.0,0.794649541378,TRDFOME128F4262691,0.029045285657,notsad
18,7.86314964294,0.0891613215208,0.809194743633,0.752999424934,29.9245548248,0.476157188416,8.28048706055,0.456249147654,0.136432737112,36.4972686768,31.4107952118,11.3892307281,0.133976146579,5.77353334427,1.6826608181,37.8377723694,0.607395887375,1.0,0.114329271019,1741.12487793,23.6579265594,-5.59741453188e-09,0.0239750165492,0.0013199809473,0.00301448395476,0.00935521163046,0.0111798169091,7.85577917099,0.0864968001842,4.32237863541,0.00448097474873,2693.97680664,1.59453964233,5528214.5,1.35838603973,TRDIJIN128F145F802,0.0963730961084,notsad
19,8.99189090729,0.120074883103,2.9419002533,1.34381878376,21.4381790161,0.462646663189,8.56095409393,0.430659681559,0.0315140932798,33.0207824707,21.7124710083,13.8037176132,0.197058618069,11.2390470505,2.37567925453,22.9815387726,0.531255781651,0.981316804886,0.0564575344324,1185.30029297,21.1714935303,-9.04405883517e-09,0.0361037440598,0.000512965605594,0.0172765702009,0.0074208220467,0.0155825261027,7.59376478195,0.0971301868558,5.46213769913,0.00545901199803,1238.79602051,1.75559878349,4429321.0,0.877871751785,TRDJASI128F145DAE7,0.052044082433,notsad
20,10.1256036758,0.136161029339,9.69096374512,2.20139551163,25.9279155731,0.460434228182,8.63177490234,3.38378882408,0.385506778955,58.380027771,28.3393287659,15.9282541275,0.217159897089,233289360.0,983.06237793,21.0878295898,0.547140359879,0.998977005482,0.0505115091801,1319.60852051,17.7290287018,-7.60396190458e-09,0.0312695913017,0.00212297285907,0.0117551218718,0.00337638449855,0.0176118277013,7.62793540955,0.082235366106,4.12869405746,0.00515624554828,1522.03540039,1.3651996851,6180031.0,0.74308180809,TRDJSRG128F4218DBB,0.0719969421625,notsad
21,9.22999858856,0.119768507779,5.79333972931,1.65741598606,29.5640621185,0.462633907795,7.75140810013,0.097867667675,0.366881519556,54.2910194397,34.5886077881,13.4971342087,0.189404055476,20.2458763123,3.11860728264,28.6351585388,0.596148788929,0.987797260284,0.150604918599,1646.81970215,16.3802661896,-6.15534023751e-09,0.0263689532876,0.00293427915312,0.0108480965719,0.00308259576559,0.0105151236057,7.81800079346,0.0893647000194,4.13941907883,0.00437748618424,2747.21704102,1.46819841862,7116502.0,0.523582160473,TRDRROL128F426A930,0.0996777713299,notsad
22,10.7344646454,0.145548388362,5.9386973381,1.79609775543,21.7135868073,0.454512447119,9.86350345612,0.988165140152,0.470404952765,42.5950737,18.9548664093,15.9155626297,0.202384099364,15.7218933105,2.88667416573,20.9318752289,0.523844242096,1.0,0.0387816876173,1128.77734375,15.256526947,-5.670393044e-09,0.0231206268072,0.00084999226965,0.00286094634794,0.00454544555396,0.0160186737776,7.44433116913,0.0725479051471,4.40613365173,0.00438442314044,1556.11083984,1.60938775539,4972623.5,1.12482488155,TREFVTV128F9338987,0.0616990365088,notsad
23,8.71295547485,0.112448960543,13.5165596008,1.43557107449,27.1083908081,0.465562283993,8.52472686768,0.300772637129,0.176948800683,38.7041625977,26.0420799255,12.2265968323,0.177046075463,11.107585907,2.2193005085,28.8398475647,0.558925747871,1.0,0.0618397071958,1573.72680664,27.040802002,-6.55947474115e-09,0.0271191205829,0.00121122645214,0.00795670691878,0.0075516095385,0.0113096795976,7.63811779022,0.079493060708,4.94495391846,0.00487176142633,1718.11352539,1.52266037464,4512720.5,0.977576494217,TREGCUI128F4245BF0,0.0674951002002,notsad
24,7.83711099625,0.122923582792,1.60544657707,1.01617777348,28.4799671173,0.47871273756,7.24140930176,-0.256251871586,-0.0667498335242,38.533405304,23.9523677826,12.4962759018,0.152984380722,8.88809585571,2.17603158951,34.1454544067,0.596829414368,0.944988667965,0.0250051375479,1850.12426758,27.7991371155,-6.91928425667e-09,0.0282874666154,0.00109129841439,0.0134265106171,0.00642140582204,0.00871352478862,7.78944253922,0.0925734639168,4.13143491745,0.00472210114822,2171.54223633,1.31635797024,4158477.5,0.782733261585,TREGJPT128F424F002,0.0753089115024,notsad
25,15.3915691376,0.233334302902,25.1654415131,3.41493487358,10.5353956223,0.450743973255,10.6438341141,1.13984692097,0.721954703331,38.687374115,12.7938175201,18.5973987579,0.329608976841,37.9003753662,4.18267869949,9.83296966553,0.413411021233,0.847587823868,0.0824356004596,720.958129883,11.2924594879,-1.32257129692e-08,0.0510773397982,0.000319751328789,0.0358892828226,0.00202907132916,0.0133275026456,6.95970344543,0.0696952715516,9.84745693207,0.00613711634651,672.325805664,2.18206167221,3896521.5,0.651807785034,TREQWVJ128F42819EB,0.0327515266836,notsad
26,9.70940876007,0.135987535119,89.1354904175,2.59108328819,17.0418357849,0.454048097134,9.08172702789,1.19154798985,0.674245476723,41.2733955383,15.3807640076,13.2773942947,0.218907698989,12977024.0,72.9934310913,16.4621868134,0.572574138641,0.998928964138,0.119871474802,992.585876465,13.362827301,-5.96268678876e-09,0.023899640888,0.000724436307792,0.00736549170688,0.0029027259443,0.0144014824182,7.48741292953,0.0659620463848,4.64796257019,0.00433763256297,1045.10449219,1.72170579433,5454037.0,0.773109793663,TRESDBN128F4264610,0.0530746988952,notsad
27,9.04565811157,0.118032701313,5.15498352051,1.54057848454,20.2430953979,0.46347668767,9.21310424805,0.898389816284,0.480632722378,37.5764770508,17.1805419922,12.8048973083,0.191258206964,11.8875732422,2.350918293,23.075668335,0.587087094784,1.0,0.0397740118206,1342.47131348,16.208738327,-5.06917841037e-09,0.0206906162202,0.000364376901416,0.00392330018803,0.00530078355223,0.0124315861613,7.47342586517,0.0710863918066,5.16087675095,0.00424540927634,1518.77453613,1.64592671394,4857116.5,1.09228408337,TREUAIJ128F427BBF0,0.0619444809854,notsad
28,11.7513723373,0.128587886691,7.86369466782,1.79463338852,24.8889923096,0.464133322239,9.53447246552,1.38385367393,0.282268196344,38.6017990112,22.7113761902,17.589925766,0.214602097869,22.0818595886,3.0502269268,23.2375335693,0.501189172268,0.975317001343,0.062820635736,1367.22705078,18.8725204468,-9.03526142793e-09,0.036161057651,0.000949425098952,0.0196582432836,0.00708381272852,0.010261092335,7.71725320816,0.103978842497,4.55224847794,0.00542738614604,1376.01708984,1.68628680706,5379146.0,0.673630595207,TREXSXC12903CA6A94,0.0600319355726,notsad
29,9.3481502533,0.122751794755,11.7361707687,1.53291475773,24.5508499146,0.47841823101,7.47358560562,0.228069543839,0.00255771912634,39.0355529785,18.5036239624,13.4615488052,0.181152120233,27.2181243896,2.71940231323,30.4117584229,0.604107677937,0.992964029312,0.108512535691,1619.81347656,20.035774231,-5.94945204213e-09,0.0241329558194,0.00078564096475,0.0102257169783,0.00508684711531,0.00846528541297,7.73622941971,0.104436375201,4.55614089966,0.00426696054637,1708.94519043,1.45304691792,4057538.0,0.558695673943,TRFBWPZ128F92E190E,0.0645126923919,notsad
30,10.3342647552,0.180607765913,6.88330745697,1.98142945766,16.3792266846,0.45786190033,8.79575920105,0.449237853289,0.357262343168,37.0126571655,16.7017326355,14.9439382553,0.261509269476,16.6434020996,3.00442647934,16.3154640198,0.566492676735,1.0,0.0987385809422,911.864990234,18.1541252136,-7.75280373233e-09,0.03077580221,0.00044802663615,0.00921096093953,0.00429423293099,0.0202107932419,7.12736272812,0.0833920314908,14.0455732346,0.00499742617831,1070.3963623,2.32838749886,3677419.25,0.728927671909,TRFCSGJ128F42541C1,0.0439816303551,notsad
31,11.6417245865,0.169310614467,9.02900028229,1.90776312351,19.9353256226,0.44729912281,11.3043012619,1.90802657604,0.204198136926,37.7827453613,24.8156604767,15.7568407059,0.244573280215,26.8436546326,3.13901090622,20.50740242,0.477941006422,0.980268955231,0.0442019402981,1075.7989502,16.2322540283,-9.02413432868e-09,0.0363101102412,0.00138813478407,0.0160878803581,0.00503854872659,0.0159010328352,7.24251890182,0.0700454041362,6.04084014893,0.00553825916722,1307.19042969,1.74413383007,4534111.5,1.01802146435,TRFFKHL128F42BA3DA,0.0539006106555,notsad
32,9.894490242,0.161222711205,7.42836856842,2.09385037422,15.985294342,0.45556935668,8.00377845764,0.509904921055,0.56991571188,43.8493118286,16.2241268158,13.2826194763,0.241878122091,18.1517982483,3.16615438461,13.86414814,0.604081571102,0.998763561249,0.103789366782,928.627319336,18.1373195648,-7.0393006979e-09,0.0280395019799,0.000744600663893,0.00806341040879,0.00344375404529,0.0173787940294,7.30998897552,0.0723147168756,11.053861618,0.00480295950547,946.4765625,2.01357936859,4185342.0,0.556055486202,TRFJCMY128F4285D9E,0.0468491464853,notsad
33,10.7846908569,0.140411958098,7.88731765747,1.81298005581,26.7997531891,0.469672948122,10.0239515305,2.11762189865,-0.11650262773,23.7503433228,118.154335022,17.7133159637,0.245225459337,12.3496170044,2.30268144608,23.8045120239,0.505577802658,0.909830033779,0.0554323717952,1212.59277344,22.0240211487,-1.15429061864e-08,0.0542825162411,0.000852836179547,0.0268979687244,0.0113235339522,0.0108173107728,7.549908638,0.130382627249,18.6985588074,0.00671369582415,5600.87109375,2.92730212212,4073694.25,1.46867620945,TRFJLBH128F93011D8,0.195440128446,notsad
34,10.1835670471,0.167337015271,7.49219036102,0.952696204185,22.7986812592,0.457269519567,9.22440338135,1.84763514996,0.118369281292,34.2276191711,6.16410255432,12.381518364,0.223778292537,12.621175766,2.09233784676,43.7954483032,0.598113059998,0.931864798069,0.68721395731,3312.75610352,3.8778886795,-5.61046675784e-09,0.0217349994928,1.73733023985e-05,0.011842597276,0.00173998915125,0.00920165888965,7.66776752472,0.0306806899607,14.1330842972,0.0024458526168,5456.39746094,2.01914334297,12143474.0,0.479291498661,TRFKQKM128F9310333,0.159385472536,notsad
35,7.71174669266,0.0873768255115,-0.427146673203,0.166354030371,32.0428161621,0.483992129564,8.50943756104,0.805246055126,-0.489555060863,27.2440166473,32.5753364563,11.079331398,0.120818175375,1.67739856243,1.147377491,51.5279579163,0.603515684605,1.0,0.0211810003966,2155.40722656,34.001499176,-5.57111690114e-09,0.0239813216031,0.00109071086626,0.00439379550517,0.0103732654825,0.00857317075133,7.84198474884,0.0907007828355,4.697909832,0.00464710174128,2663.19677734,1.41857993603,3705859.5,1.67822086811,TRFNMXD128F42622B0,0.0898394659162,notsad
36,10.6097383499,0.168645560741,12.5403709412,2.31154322624,17.0103588104,0.444779157639,9.80122947693,2.03544783592,0.454592823982,29.5051021576,242.74005127,16.0925064087,0.281851857901,14.9615793228,2.67232823372,14.6317777634,0.537404358387,0.927509844303,0.0973612368107,924.94744873,17.0921039581,-6.14765527374e-09,0.0452199168503,0.000580928986892,0.0177785027772,0.00360927730799,0.0135296359658,7.16587257385,0.109195992351,21.4573917389,0.00589818740264,18042.6855469,3.21136212349,4019897.5,7.74629354477,TRFOTSL128F427FFA5,0.327934801579,notsad
37,10.13651371,0.157179504633,5.32298946381,1.68166613579,18.0341701508,0.455842107534,9.38182163239,1.23736250401,0.569052875042,34.6644325256,15.944442749,13.9643011093,0.237371146679,12.6279706955,2.47781348228,18.4517383575,0.546185553074,0.999780356884,0.0786294713616,1025.73217773,16.4336338043,-6.53610099377e-09,0.0261149313301,0.000476700806757,0.00803979672492,0.0038820784539,0.0144804529846,7.18932151794,0.0657202377915,7.93621826172,0.00464977091178,1198.28088379,2.00932002068,3961130.75,0.875362217426,TRFUAHT12903CA9125,0.048742223531,notsad
38,11.9369010925,0.166346266866,5.16770267487,1.40472435951,23.5723953247,0.453686177731,10.59471035,1.80789387226,0.47241845727,32.2815055847,29.3563537598,16.2614974976,0.207737356424,15.2804841995,2.43314766884,25.6434593201,0.47889110446,0.971369147301,0.0502278581262,1477.88427734,19.9356060028,-9.61286605872e-09,0.0389438048005,0.00130864325911,0.0192835424095,0.0100001208484,0.00921387597919,7.57324028015,0.092773757875,4.64032649994,0.00567417079583,1744.04138184,1.68817818165,5152280.0,1.21419632435,TRFUVZF128F931A29E,0.0673987790942,notsad
39,13.0895824432,0.290587097406,17.6813659668,2.40413403511,4.93258810043,0.409290999174,13.0073547363,5.42461872101,1.7513269186,19.6581821442,7.70466566086,16.6221733093,0.388511031866,23.6935043335,2.75448727608,6.36622238159,0.527987420559,0.958363831043,0.0831096991897,523.495666504,7.72814512253,-7.85043408058e-09,0.0303280577064,2.13922721741e-05,0.0118209905922,0.000853807548992,0.0203404724598,6.15766525269,0.0579870454967,21.4454193115,0.00479943864048,561.210205078,3.11952853203,2735135.5,0.772852957249,TRFZYIL12903CF570A,0.0226209182292,notsad
40,10.4334125519,0.108952604234,4.36764621735,1.33662676811,39.7025718689,0.478516250849,6.87936162949,0.423267275095,-0.411732077599,55.5207595825,32.8877029419,15.2632188797,0.161625102162,23.1158046722,3.38649821281,38.5987930298,0.517946064472,0.941462874413,0.126812383533,2109.76953125,20.5952167511,-7.87966847327e-09,0.0327227041125,0.00265263114125,0.0186081212014,0.00414900993928,0.00903558731079,7.94317293167,0.095210455358,2.75494861603,0.00477815466002,3234.74926758,1.17360317707,6233804.5,0.644367873669,TRGABOP128F427F439,0.114990338683,notsad
41,14.9024572372,0.243569016457,23.1893234253,3.36602711678,9.55259895325,0.411350518465,16.8486175537,7.20043420792,1.4735802412,32.9184761047,17.7976341248,21.3503837585,0.316111832857,44.5762672424,4.22127389908,9.93487453461,0.372031182051,0.744488835335,0.0141633348539,849.429931641,9.40731048584,-1.46458400963e-08,0.0568909868598,0.000505261821672,0.0355296172202,0.00293848430738,0.019444026053,6.82461118698,0.0363227985799,5.23831987381,0.00676414603367,706.946411133,1.60256946087,4319017.5,1.75978076458,TRGAYUC128F9300572,0.0331028476357,notsad
42,10.4912757874,0.198827669024,8.486577034,1.94904565811,11.531496048,0.445434004068,9.38483524323,1.04251825809,0.717830479145,30.5236263275,9.98906898499,13.5331754684,0.270849496126,15.4962310791,2.57246994972,12.9073543549,0.591060519218,0.999439060688,0.256654769182,772.181945801,10.5792961121,-4.23777102299e-09,0.0169003009796,0.000152440275997,0.00340866134502,0.00322360335849,0.0109338313341,7.00548505783,0.0452594459057,11.1175308228,0.00331278075464,868.346862793,2.34816050529,3500955.0,0.837065756321,TRGFIMV128F14635EA,0.036605656147,notsad
43,10.0262451172,0.104103401303,9.73151874542,1.91932415962,27.3110790253,0.473655968904,6.79704856873,0.0633375346661,0.0707142502069,46.4417114258,25.8184089661,15.1680049896,0.179453477263,28.1688957214,3.42747306824,26.3996582031,0.537935495377,0.892150878906,0.0494393482804,1414.5793457,23.7656478882,-1.08718962721e-08,0.0433748215437,0.00123275455553,0.0244599878788,0.00621002167463,0.0130516327918,7.88786888123,0.115477629006,3.43554520607,0.00583157362416,1580.06799316,1.47899603844,5662710.0,0.654010534286,TRGGAGL128F933CB5F,0.0704385787249,notsad
44,11.8811664581,0.203192546964,9.12469768524,2.13724541664,15.0597381592,0.440002590418,10.3209915161,1.9138931036,0.497383028269,34.4009819031,18.6611366272,15.3892669678,0.293115139008,19.8517532349,3.08652806282,14.3955230713,0.502584993839,0.954356014729,0.0734567269683,844.006713867,14.6245756149,-1.04601589612e-08,0.0411717630923,0.000840340391733,0.0217583701015,0.00408923951909,0.0169196594507,7.00106430054,0.088401325047,15.4102926254,0.00577969942242,947.89831543,2.5441505909,4090604.0,0.661661863327,TRGLDGK12903CB0AA2,0.0406270436943,notsad
45,9.58799648285,0.152357012033,8.07776546478,2.15128469467,15.5683259964,0.453908234835,8.27993011475,1.30238699913,0.961467921734,37.5670547485,10.2817077637,12.8696966171,0.241765856743,17.1008682251,2.89097642899,13.4602394104,0.624487698078,0.98788267374,0.118303574622,831.852233887,13.0485754013,-5.32484278892e-09,0.0210297442973,0.000394529895857,0.00636615464464,0.00162508361973,0.01450301148,7.27119064331,0.0747543945909,14.4180622101,0.0038502078969,1016.03741455,2.40925431252,4926747.0,0.566865622997,TRGMUTG128F424436D,0.0564743876457,notsad
46,12.153719902,0.135316208005,2.56590843201,0.229752287269,23.183757782,0.475208550692,14.7868709564,2.49178123474,0.257696717978,23.8526268005,7.20215320587,16.1155357361,0.163019180298,6.17696809769,1.26459801197,27.182226181,0.532056629658,0.996323525906,0.816176474094,1881.5291748,5.07169103622,-1.31094635147e-09,0.00560106802732,0.000200725684408,0.000282066204818,0.0041267122142,0.00118932593614,7.61120986938,0.0246057882905,6.3810749054,0.00129344547167,3383.04711914,1.79642772675,4551769.0,1.14102089405,TRGPAKD128F425687C,0.11230379343,notsad
47,10.6842136383,0.164258301258,4.45150709152,1.32573378086,19.5264511108,0.444274127483,10.3021917343,1.18885910511,0.312587201595,33.3333396912,16.8211174011,13.8126440048,0.236472845078,12.4647331238,2.26987504959,22.3049888611,0.503907322884,0.986463606358,0.162306398153,1260.93066406,15.2942857742,-6.36265395926e-09,0.025539835915,0.000813451828435,0.0101985475048,0.00481993239373,0.0102355936542,7.28413915634,0.0675647705793,10.5180301666,0.00434627849609,1369.65380859,1.87609374523,4143398.25,0.869824051857,TRGRXFU128F429237E,0.0560344532132,notsad
48,7.82337999344,0.106587402523,1.87822973728,0.720839381218,23.6997261047,0.469225823879,9.40272712708,1.0775796175,0.0339297093451,29.3539104462,25.6194553375,11.2567157745,0.167435780168,10.1894779205,1.68449103832,31.8933811188,0.581996500492,1.0,0.0624292008579,1549.59289551,22.7850227356,-6.30992991191e-09,0.0261388737708,0.000630683905911,0.00521629769355,0.0108837112784,0.01025315281,7.66311073303,0.0859265699983,5.50944137573,0.00467852409929,2057.04614258,1.70489156246,4673649.0,1.46233153343,TRGTOXN128F146B328,0.0743647739291,notsad
49,7.69176387787,0.102151595056,2.23411130905,0.382517129183,25.170217514,0.475997239351,9.53646087646,0.822488248348,-0.331925809383,24.0106182098,28.5083847046,10.2534637451,0.153971746564,34.2647018433,1.22927796841,37.3803062439,0.59619396925,0.998398065567,0.0426875241101,1623.62512207,26.7381267548,-6.31260288486e-09,0.0264110509306,0.000607419467997,0.00438952399418,0.0118399206549,0.00991431809962,7.64307308197,0.0828534960747,7.44769430161,0.00480658048764,2163.23193359,1.92334759235,4024207.25,1.68329977989,TRHAEMQ128F427C025,0.0767877474427,notsad
50,10.13651371,0.157179504633,5.32298946381,1.68166613579,18.0341701508,0.455842107534,9.38182163239,1.23736250401,0.569052875042,34.6644325256,15.944442749,13.9643011093,0.237371146679,12.6279706955,2.47781348228,18.4517383575,0.546185553074,0.999780356884,0.0786294713616,1025.73217773,16.4336338043,-6.53610099377e-09,0.0261149313301,0.000476700806757,0.00803979672492,0.0038820784539,0.0144804529846,7.18932151794,0.0657202377915,7.93621826172,0.00464977091178,1198.28088379,2.00932002068,3961130.75,0.875362217426,TRHBUXG128F92EAC92,0.048742223531,notsad
51,9.23381900787,0.111358344555,4.39327573776,1.26030874252,32.1267623901,0.476016849279,7.90087366104,0.778439998627,-0.219182059169,37.9678840637,21.2372913361,13.5262212753,0.180229887366,15.2872047424,2.5948445797,34.0566368103,0.561899721622,1.0,0.110089398921,1674.43127441,22.4352493286,-4.78513006996e-09,0.0199864506721,0.000856782426126,0.00620962725952,0.00585464434698,0.00808578263968,7.65898323059,0.0692564174533,5.90141487122,0.00402751611546,2259.85522461,1.66243577003,4560153.0,0.744149327278,TRHFFNG128F42819C4,0.0780850872397,notsad
52,9.28458213806,0.132207363844,3.00154471397,1.37645936012,27.3182849884,0.46722060442,8.79825878143,0.00223543937318,0.275096297264,42.4881515503,26.4222564697,13.5088729858,0.185997784138,10.2417154312,2.48910593987,29.6002960205,0.559620916843,0.999684691429,0.0557073801756,1637.71520996,24.3832244873,-6.72810784863e-09,0.0277900211513,0.00199104752392,0.00885569304228,0.005786400754,0.0127210374922,7.5980181694,0.0797135680914,4.7364153862,0.00483640329912,2046.64135742,1.33197212219,4295423.0,1.03133296967,TRHHOWL128F92F9A3B,0.0733462721109,notsad
53,9.20558452606,0.151164025068,9.19974899292,1.56693100929,16.4989299774,0.458198606968,10.2210226059,1.84983313084,0.512584209442,18.1087818146,69.894569397,12.8277702332,0.251644641161,8.6443271637,1.45736908913,18.7016029358,0.584271788597,0.930081307888,0.15934959054,944.979064941,17.1081295013,-6.8710224177e-09,0.0322725325823,0.000237072803429,0.0117152398452,0.00576008716598,0.0118652861565,7.17670679092,0.0830572247505,25.7216110229,0.00455117691308,7250.79101562,3.45345616341,3013724.25,1.50334632397,TRHODDC128F4277BD5,0.208802953362,notsad
54,12.451215744,0.206923693419,12.9801111221,2.09393453598,13.7938327789,0.431860506535,11.7227907181,3.17466068268,0.747956871986,29.7042236328,15.9961557388,16.2192020416,0.299053430557,19.8428344727,2.78447890282,14.1082878113,0.492350488901,0.98657643795,0.0834743380547,775.201843262,12.3598423004,-8.2769178178e-09,0.0326899066567,0.000469704973511,0.0129447188228,0.00414461642504,0.0161207094789,6.88014316559,0.0738199651241,13.127404213,0.00515158195049,1003.4196167,2.61383461952,4610823.0,1.09224689007,TRHPEYH128F9305168,0.0412562675774,notsad
55,10.2606887817,0.145713850856,4.28321027756,1.54983794689,21.1306610107,0.44787633419,9.15459346771,0.981349408627,0.297343999147,38.3628807068,20.9183654785,14.1180343628,0.219194471836,15.1200466156,2.68710374832,21.3315486908,0.512835979462,0.968726098537,0.0457080379128,1019.9276123,16.6756706238,-8.35068902916e-09,0.0334147773683,0.000976705574431,0.0141022447497,0.00563059654087,0.0148456003517,7.44435405731,0.0914220884442,5.57185697556,0.00517829554155,1425.16394043,1.83159124851,5108553.0,0.864661574364,TRHQHKB128F423EA81,0.0568768382072,notsad
56,9.35061073303,0.165873676538,7.17515707016,1.82389366627,19.1178855896,0.452282726765,10.745434761,1.40993154049,-0.116650126874,18.6052188873,181.792617798,12.7881669998,0.280518114567,4.49010944366,1.54267907143,16.5707168579,0.560992062092,0.973627924919,0.124732717872,752.088378906,13.3364219666,-3.5198786108e-09,0.0297739114612,0.000107471547381,0.0060510779731,0.00638806214556,0.0106067946181,6.97748041153,0.0827957317233,34.987739563,0.00477625709027,18128.4707031,4.34319972992,3133802.0,10.5020551682,TRHQTWH128F4277BCE,0.346708387136,notsad
57,11.5077314377,0.173257395625,6.85451936722,1.83967411518,18.902715683,0.448216855526,8.65127658844,0.635156810284,0.341730386019,35.0256347656,22.4855308533,15.035738945,0.262267738581,19.5485153198,2.91116571426,17.8722572327,0.52200961113,0.995731413364,0.0991001352668,1062.5246582,17.6320953369,-9.73660885251e-09,0.0387876816094,0.00094200699823,0.0213000439107,0.00580563163385,0.0122964214534,7.31264352798,0.0735368058085,20.4671649933,0.00557522149757,1393.06188965,2.76360797882,4736698.5,0.821552395821,TRIARBV128F92F117F,0.0607787929475,notsad
58,11.7010946274,0.175955638289,5.38818025589,1.68289399147,17.843006134,0.449888557196,9.9666929245,0.844317615032,0.468775749207,31.5226020813,18.3795642853,14.7108755112,0.234871685505,11.7336196899,2.49019098282,19.0392036438,0.52914839983,0.963674426079,0.15137398243,1228.99499512,20.3891124725,-7.84165621326e-09,0.0312631912529,0.000581373693421,0.013980015181,0.00567360641435,0.0118864625692,7.27945661545,0.0726380944252,7.60860681534,0.00477096810937,1230.83447266,1.85901165009,3873574.25,0.749115288258,TRICMQN128F42731AA,0.0480684451759,notsad
59,10.9627752304,0.133812204003,7.63781738281,1.98854422569,23.5452270508,0.471415489912,6.96829223633,-0.0148127283901,0.0427776053548,47.7096557617,19.8296432495,14.9652299881,0.212119221687,24.0117874146,3.48713183403,22.8571586609,0.547589123249,0.993166923523,0.0803235247731,1488.10388184,20.3472328186,-8.10746758617e-09,0.0323980376124,0.00120926310774,0.0163435861468,0.00381485372782,0.0119683723897,7.67234516144,0.0853815078735,4.18023490906,0.00512644182891,1582.18493652,1.41394364834,5184368.5,0.484966725111,TRIEEFM128F424413C,0.06329523772,notsad
60,9.98531341553,0.160526707768,4.59128952026,1.32589280605,17.6791954041,0.442497313023,10.1103343964,1.53725636005,0.404031544924,30.8591957092,13.2976112366,13.541144371,0.225523874164,11.9289121628,2.13377451897,22.4661445618,0.571412026882,0.99348628521,0.250920414925,1050.62573242,10.9252338409,-3.76034181571e-09,0.0153985135257,0.000416055117967,0.00248381518759,0.00467923423275,0.00857775844634,7.19542455673,0.0549286864698,8.44961738586,0.00320187816396,1416.0612793,2.09403681755,4469433.0,1.11705601215,TRIIRJJ128F426353A,0.058280903846,notsad
61,8.34031581879,0.106179282069,1.17688322067,0.801049530506,34.0636787415,0.475441128016,8.24349594116,0.654471993446,-0.385691583157,40.7737350464,26.8676013947,12.6668634415,0.153962820768,8.18087482452,2.16981363297,43.6513710022,0.622103393078,1.0,0.0819638445973,2101.89111328,24.5858669281,-4.73807082457e-09,0.0203195512295,0.00146090518683,0.00428071664646,0.00603778660297,0.00962788145989,7.82341051102,0.0786566063762,4.11787939072,0.00411411561072,3138.66772461,1.30246222019,5292593.0,0.826563358307,TRAAOGR128F425E7BF,0.101798914373,sad
62,10.4173488617,0.157130077481,9.63484859467,2.35506224632,15.1829156876,0.451223522425,8.68322467804,1.17999613285,0.706319689751,40.6726036072,20.2791023254,15.3889560699,0.232654735446,19.6766052246,3.26635742188,15.6185474396,0.56192368269,0.999911367893,0.0422023236752,855.896728516,17.5267314911,-7.95201504644e-09,0.0318521261215,0.00121674709953,0.00828508846462,0.00308266864158,0.0230891946703,7.32305669785,0.0860133171082,5.47819042206,0.00527590187266,1007.9354248,1.7841347456,4735422.5,0.809412240982,TRABTYE12903CDA646,0.0478105656803,sad
63,12.8605508804,0.222065925598,16.1449699402,2.3583073616,10.4406585693,0.421187967062,13.3951644897,5.85315179825,1.61715650558,26.4213886261,13.940372467,15.531416893,0.319170176983,21.5483398438,2.62292981148,10.1106395721,0.492404907942,0.991833865643,0.074915677309,669.474853516,10.1143264771,-9.05339891943e-09,0.0354341082275,0.000704723759554,0.0151396077126,0.00133162818383,0.0192825365812,6.56582736969,0.0650045201182,11.1199216843,0.00541263166815,783.630737305,2.63196516037,4268639.5,1.07734465599,TRACKKG128F93034C1,0.0350683555007,sad
64,10.5276937485,0.22171677649,3.22045874596,1.11870896816,13.04429245,0.443003475666,10.0162830353,0.65613335371,0.237363860011,20.5987625122,12.3414239883,13.2894439697,0.312569320202,6.21417760849,1.8032668829,15.9215602875,0.600399315357,0.992267131805,0.166256591678,830.188293457,12.5991210938,-7.24513249395e-09,0.0284641124308,0.000121477976791,0.00674714287743,0.00395709229633,0.0188068300486,6.67476177216,0.0645515397191,28.2209911346,0.00466307252645,1157.71508789,3.27765202522,2177252.75,0.850637853146,TRACNZS128F9322E06,0.0384480729699,sad
65,11.2225875854,0.134089753032,6.04556751251,1.54340851307,19.7317066193,0.460017442703,8.7242565155,1.01569736004,0.385854661465,30.4599266052,21.1303882599,14.7795696259,0.206593185663,13.118437767,2.32519578934,22.8435726166,0.507220566273,0.997839391232,0.0694994628429,1258.11914063,18.1292762756,-7.72803154803e-09,0.0310839097947,0.000665618805215,0.0126997977495,0.00696520414203,0.0112972985953,7.54044866562,0.0753496810794,5.69141483307,0.00503634521738,1311.27575684,1.86282491684,4714427.5,1.03485238552,TRADLES12903CF2DEE,0.0538041852415,sad
66,9.65278816223,0.17740277946,8.0414352417,1.75029921532,12.8163604736,0.428148508072,10.5303020477,2.70101904869,0.966267287731,28.6717147827,14.7374134064,12.753528595,0.266759902239,13.1900682449,2.2942032814,15.7192392349,0.594891250134,0.999906241894,0.0649728104472,807.829956055,12.7324209213,-7.7590938119e-09,0.0306212455034,0.000393431924749,0.00727025093511,0.0026461717207,0.0216965898871,7.03013515472,0.062139172107,11.2259597778,0.00507785612717,1359.07495117,2.50675201416,5303299.5,0.992011606693,TRAERXQ128F4294114,0.056879684329,sad
67,9.17197036743,0.117397814989,1.32869327068,0.672510325909,32.5071182251,0.471552401781,10.5361776352,1.75753343105,-0.0782602056861,30.8059883118,35.5109596252,14.3338594437,0.15940888226,7.73071575165,1.83053815365,41.2159194946,0.546289026737,1.0,0.0861909165978,1979.65209961,27.2557926178,-6.64626798041e-09,0.0283055007458,0.00164123787545,0.00792261958122,0.0110020916909,0.00870919041336,7.74934911728,0.0918702483177,4.03020524979,0.00488650379702,2562.62768555,1.33204483986,4625278.5,1.6146749258,TRAGQAZ128F42BB9B5,0.0882451087236,sad
68,10.4049968719,0.228565335274,2.80012083054,0.753624081612,12.6582727432,0.445657551289,12.2167692184,1.95462763309,0.138060003519,19.994758606,12.1160449982,13.1289205551,0.269679009914,5.22911691666,1.30526936054,23.2389659882,0.585480213165,0.988653719425,0.397373795509,1366.44604492,10.1064510345,-3.07295389135e-09,0.0126969590783,0.000113294030598,0.00046644199756,0.00636330898851,0.00623253872618,7.06054639816,0.0554729700089,9.66711425781,0.00272374157794,1777.14233398,1.72906017303,3178972.25,1.24441790581,TRAHNII12903CFEDDE,0.0581485442817,sad
69,10.252573967,0.152572587132,5.76946353912,1.55357503891,15.8414430618,0.417799890041,12.854393959,4.38272237778,1.37960898876,27.9806442261,14.7451086044,13.5861339569,0.235634475946,9.55137062073,1.89274740219,16.8015117645,0.530706584454,0.984782457352,0.148421257734,853.39263916,10.9403362274,-7.45558370596e-09,0.0294764973223,0.000351064227289,0.00826379843056,0.00355439097621,0.017674902454,7.15931129456,0.0504340268672,5.46918344498,0.00475307088345,1025.20629883,2.01014256477,5771487.0,1.19039571285,TRAHSRH128F42202CB,0.0526994802058,sad
70,10.8306970596,0.228046759963,5.72582054138,1.26356482506,9.61482620239,0.409892559052,12.8236141205,2.37123537064,0.776375055313,19.4817047119,14.8296279907,13.5347604752,0.315840631723,9.13689994812,1.68927562237,13.327000618,0.526634454727,1.0,0.0628200471401,715.330993652,12.3528709412,-7.91289345159e-09,0.0312099866569,6.97762079653e-05,0.00681045325473,0.00531979138032,0.019816333428,6.50153398514,0.0570467673242,18.7086048126,0.00516652222723,992.617431641,3.11536717415,3146551.25,1.54565441608,TRAHZSJ12903CB743D,0.0361938923597,sad
71,10.9632234573,0.176107570529,6.48976135254,1.66181433201,19.3886947632,0.459847897291,9.67348480225,1.0215972662,0.0767827257514,33.3398094177,11.9833335876,15.3854951859,0.255203932524,17.7803211212,2.80649328232,21.0185050964,0.519794166088,0.938516497612,0.294801652431,1319.54431152,14.4189844131,-6.82316736444e-09,0.0268389508128,0.000343119114405,0.0169512871653,0.0032726302743,0.00700923986733,7.2416768074,0.0699551701546,11.7809944153,0.00387804908678,1224.98364258,1.99405813217,3424756.25,0.572881758213,TRAIRRA128F42788ED,0.0492911338806,sad
72,14.4147014618,0.245948344469,36.7985954285,3.79222893715,15.8029975891,0.467731773853,10.7361688614,3.26232838631,0.638325273991,45.5595588684,15.7349309921,20.3405723572,0.351810783148,87.8828125,5.71364927292,13.661438942,0.454642623663,0.977575361729,0.15907497704,1222.34448242,9.95269775391,-1.03811537144e-08,0.0406080335379,0.000974110967945,0.0291814710945,0.00167828181293,0.0107676032931,6.97995901108,0.112031042576,9.50062179565,0.00544785428792,776.244018555,2.17002820969,4196768.0,0.421065837145,TRAJIKG128F92D20B1,0.0349796898663,sad
73,9.72890377045,0.147857323289,12.1184587479,1.76091527939,21.2275505066,0.4562933743,10.270611763,1.57586431503,0.167953982949,24.0063209534,55.4321670532,13.6571016312,0.243160620332,9.80327320099,1.79420018196,21.2220878601,0.584532439709,0.994426548481,0.136115923524,1043.09509277,16.1790943146,-5.31661381586e-09,0.0250940080732,0.000282354041701,0.00367195112631,0.00689258892089,0.0128615321591,7.30223226547,0.0832500010729,18.4394989014,0.00442053936422,4484.40087891,2.89082574844,3532762.5,1.23735880852,TRAJNAW128E07828D8,0.187451139092,sad
74,12.1547222137,0.309642523527,4.92738628387,1.15611803532,8.3794708252,0.414760380983,13.036400795,2.99560332298,0.509887874126,16.1380596161,9.58325195312,15.9289646149,0.418918550014,8.46577358246,1.72781586647,11.4176578522,0.524237394333,0.982668161392,0.213322088122,704.82611084,9.53691196442,-5.33137756165e-09,0.0209910366684,2.00508911803e-05,0.00732668023556,0.00365782156587,0.0109300008044,6.22921133041,0.0522228777409,57.5298156738,0.00374175026082,840.567993164,4.72043848038,1970288.375,0.882551908493,TRALQDV12903CD4FA6,0.0281251184642,sad
75,15.2531003952,0.300042510033,32.3429908752,2.5931661129,11.3613624573,0.347256302834,16.1102581024,9.90592098236,1.42578172684,17.7318553925,9.51438236237,19.2817840576,0.351387053728,34.8491706848,2.76997661591,19.582447052,0.503399312496,0.992737352848,0.416392862797,1094.64501953,2.75635480881,-3.15484860458e-09,0.0127700921148,3.51652524841e-05,5.91070238443e-06,0.00496263010427,0.00784116610885,6.1025147438,0.0331972427666,15.2393379211,0.00256563141011,1709.48059082,3.05000805855,4959132.5,1.37143719196,TRAMJBS128F92F68A6,0.0634535104036,sad
76,12.1274518967,0.184672355652,13.016793251,2.1594247818,19.8088188171,0.454931050539,8.54248332977,1.1701567173,0.303879380226,38.3632240295,17.4700946808,17.2035942078,0.277017891407,27.7484397888,3.4280564785,17.1766338348,0.505420982838,0.984186947346,0.15115237236,1122.9239502,15.5401411057,-8.23420975848e-09,0.0326625034213,0.000875712605193,0.0184339489788,0.00445396173745,0.00994267500937,7.38489866257,0.0856952890754,13.7658109665,0.0049557890743,1166.5982666,2.18636131287,4346497.5,0.47744128108,TRAMOZC128F1499984,0.0478453747928,sad
77,12.5220327377,0.162067741156,11.146033287,2.28122782707,20.5251979828,0.45375213027,9.67023563385,1.02989590168,0.445317476988,41.0449943542,27.9703769684,18.267375946,0.251986294985,26.135383606,3.45818519592,17.4877910614,0.477979660034,0.862192928791,0.0180604290217,1114.78210449,18.4818973541,-1.35301272408e-08,0.0536032356322,0.00131928699557,0.0338577739894,0.00548853492364,0.0139024555683,7.46287202835,0.104512751102,6.7711520195,0.00670723384246,1243.33288574,1.91389131546,5208588.5,0.998141169548,TRAPQYF12903CE8C90,0.0547454692423,sad
78,10.9974002838,0.255263090134,2.64760899544,0.807055413723,9.58375263214,0.395182013512,15.1347370148,2.11996841431,-0.0920813828707,16.1726531982,14.4755525589,13.9915275574,0.352432191372,4.93566799164,1.37318372726,12.9731683731,0.477522194386,0.99053388834,0.110564179718,621.792724609,11.195854187,-7.63767360468e-09,0.0301392581314,3.64915031241e-05,0.00866526644677,0.00681428425014,0.0172974038869,6.3216176033,0.0523354113102,29.5120277405,0.00488446606323,860.149536133,3.65152001381,2092540.875,1.59175252914,TRAQETN128F4281AE3,0.03147893399,sad
79,9.77260494232,0.161963015795,1.90237784386,1.05513131618,17.0138111115,0.457138806581,9.72711658478,0.567716956139,0.273593068123,24.8105335236,12.3047103882,12.7284069061,0.234473317862,4.94228601456,1.7046931982,23.640045166,0.554147064686,0.974443495274,0.229603931308,982.901062012,15.1477880478,-6.70741817643e-09,0.0264314450324,5.94099874434e-05,0.00965834129602,0.00459940405563,0.0128444898874,7.17837810516,0.0504644475877,10.8623428345,0.00429557077587,1547.1229248,2.31816744804,2815241.5,0.900577306747,TRARQGC128F425E9B9,0.0525937192142,sad
80,11.3884325027,0.181932121515,12.5392980576,2.15907287598,15.7165994644,0.434986680746,11.2972946167,2.07722568512,0.8502997756,35.5085258484,15.6095581055,15.3191356659,0.263643175364,20.9019832611,2.87988305092,16.0735149384,0.531258106232,0.998975396156,0.0404713116586,892.625183105,11.5691595078,-5.64058089125e-09,0.0227046348155,0.00051756540779,0.00682386988774,0.00396736292168,0.012864404358,6.96873378754,0.0611079670489,8.62113571167,0.00435861339793,1152.92614746,2.17624735832,4852850.5,1.13116312027,TRASCER128F1499E7F,0.0476275570691,sad
81,10.6194486618,0.1866453439,5.90457344055,1.1911636591,9.89767169952,0.415168076754,12.854382515,6.19350767136,1.2919536829,17.1962985992,13.7705192566,13.1326684952,0.276759803295,6.74074411392,1.32878601551,13.008433342,0.540462851524,0.983920931816,0.0442833602428,717.994567871,11.7344312668,-7.83415732286e-09,0.0308170355856,0.000120360178698,0.00963600724936,0.00396330701187,0.0176877174526,6.88462352753,0.0728518441319,9.83246994019,0.00506190210581,866.737976074,2.64495635033,4602299.0,1.26879787445,TRASDAP128F932E2AD,0.0366384387016,sad
82,10.9662799835,0.161700174212,8.16097354889,2.07783508301,18.4915599823,0.453014135361,9.90756988525,0.729166924953,0.475001692772,39.4845581055,23.9422302246,14.1887559891,0.249847218394,19.4434375763,3.13346791267,14.9032115936,0.494101047516,0.999879181385,0.0587240196764,1013.92626953,18.6597385406,-1.1501362529e-08,0.0455803461373,0.00119534111582,0.0179104078561,0.00399196194485,0.0235798005015,7.32792806625,0.0696638822556,6.70387935638,0.00637614121661,1001.12609863,1.85678017139,4794130.0,0.993690788746,TRATOYT12903CEA585,0.0468611344695,sad
83,10.9716205597,0.345501452684,1.95954108238,0.531379520893,3.96131277084,0.337975919247,13.9422397614,1.76352012157,0.321597516537,7.87566232681,7.80979919434,12.8511857986,0.459291815758,2.11495637894,0.881775736809,6.01313781738,0.600878715515,0.994024455547,0.0617471300066,389.38180542,8.03499984741,-5.78367131965e-09,0.0225372388959,5.43048031432e-07,0.00365833798423,0.000826292613056,0.0194561034441,5.55941963196,0.0538176260889,86.5183563232,0.00430214172229,525.602905273,7.21310138702,1108003.75,1.01111006737,TRATOZH12903CFA6DC,0.018254160881,sad
84,11.6462936401,0.243874981999,8.04408740997,1.54903841019,6.34065437317,0.406201213598,13.154712677,3.1524477005,1.19037020206,14.478969574,10.4177970886,14.0846395493,0.33649072051,7.88470220566,1.57417154312,9.66684150696,0.566676735878,0.993446826935,0.0514893606305,624.453430176,11.0388088226,-6.37907104917e-09,0.0250209309161,2.2720940251e-05,0.0033025261946,0.00209943670779,0.0202784854919,6.27585458755,0.0490801595151,28.2096271515,0.00455064093694,931.403137207,3.81089186668,2568569.75,1.23634839058,TRAUDUG128F93049A9,0.0350761301816,sad
85,10.9885444641,0.168450921774,13.4234933853,1.89110660553,17.6014251709,0.445285379887,8.85482215881,1.62911069393,0.549581944942,33.621131897,23.9541931152,14.6116952896,0.257259011269,13.9202432632,2.65838479996,17.8957386017,0.555980503559,0.994519770145,0.0639977678657,928.092590332,19.67694664,-9.98563454147e-09,0.039860766381,0.000928003224544,0.0175902154297,0.00582386599854,0.0177283491939,7.19057226181,0.0773071572185,18.2568473816,0.00569661473855,1235.57983398,2.7340195179,5224158.5,0.790647685528,TRAUSJF128F92FC51C,0.0618875399232,sad
86,10.7527751923,0.312765538692,3.45129656792,1.10115742683,4.55536222458,0.340586543083,12.9135532379,2.33499622345,0.638350427151,9.40771579742,11.4361124039,12.5451402664,0.38018321991,3.07705521584,1.01177418232,7.62151670456,0.567121326923,0.995775878429,0.111120685935,562.154174805,10.2750864029,-5.53214762888e-09,0.0219168197364,1.00530760392e-05,0.000593249278609,0.00313931168057,0.0191261954606,5.72472238541,0.0376205556095,68.0090789795,0.00420245714486,761.443115234,5.96259832382,1429499.375,1.540153265,TRAWPQV128F425290A,0.027792211622,sad
87,9.22202301025,0.138895317912,3.54890298843,1.29277956486,26.3467330933,0.463476717472,8.2276763916,0.575263738632,-0.00114567833953,39.5760154724,22.160861969,13.4329919815,0.193684726954,11.3569164276,2.47869634628,28.1941509247,0.548021972179,1.0,0.0894292369485,1588.69360352,21.8530883789,-6.33801944261e-09,0.0259311553091,0.000721013057046,0.00892790779471,0.00645961472765,0.0115337055176,7.49270868301,0.0707127153873,5.90252161026,0.00464827008545,1828.13671875,1.62152695656,4541965.0,0.976440668106,TRAWWQR128F9342954,0.0685276314616,sad
88,7.69769954681,0.106275655329,1.07122278214,0.837504804134,29.5865345001,0.47968313098,7.77100658417,0.138428002596,-0.307165235281,38.2006225586,20.4585170746,12.7471904755,0.15505720675,7.39233636856,2.07424712181,37.7624397278,0.57383877039,0.995888054371,0.16716748476,1894.17102051,22.3274555206,-4.75645300924e-09,0.0198075845838,0.000915456155781,0.00612216815352,0.00557163963094,0.00852516852319,7.74640703201,0.0683943107724,4.02572917938,0.00388279324397,2291.77880859,1.25214004517,4137835.25,0.778046548367,TRAXFVC128F427892E,0.080966077745,sad
89,10.4506883621,0.13978651166,4.60594415665,1.7877805233,19.5803661346,0.462852835655,9.12468719482,-0.105808004737,0.358364373446,41.9833602905,20.7848434448,13.7749948502,0.203917399049,12.4006252289,2.78793740273,19.7407398224,0.558618485928,0.999457240105,0.00651314249262,1286.19580078,23.012638092,-7.86929277297e-09,0.0315857343376,0.000810856290627,0.00799395516515,0.0053427554667,0.0190233197063,7.44181060791,0.0850138217211,4.45509958267,0.00530083989725,1229.29858398,1.33815610409,3767299.5,0.952647507191,TRAYCSU12903CF0538,0.0527115464211,sad
90,16.3889656067,0.27501270175,37.7176856995,3.6902077198,11.7113952637,0.434933066368,12.5204715729,3.24924921989,0.404276698828,35.4856376648,17.5734863281,26.616601944,0.36604142189,89.7928085327,5.56962680817,11.6654853821,0.322523474693,0.872362732887,0.062349114567,1005.71813965,10.8391942978,-1.56645239002e-08,0.0607153847814,0.000361031823559,0.0472267605364,0.00505971023813,0.00862549617887,7.06123304367,0.078103788197,7.68970823288,0.00716213788837,661.200622559,1.85723495483,3964148.0,0.76412409544,TRAYHYE128F92C21F9,0.0257059298456,sad
91,8.52109050751,0.0890906825662,2.57951617241,0.980708241463,36.1101036072,0.476332217455,7.3675775528,0.172878623009,-0.323924332857,44.0138511658,25.481212616,13.336520195,0.138647094369,11.0584573746,2.3868098259,41.7602844238,0.54800504446,0.998019993305,0.168121680617,2066.89233398,19.784538269,-4.36890790212e-09,0.0188004821539,0.00143821234815,0.00473416037858,0.00575199723244,0.00753622176126,7.81280422211,0.0579263605177,3.27393007278,0.00376109685749,2968.26953125,1.34050786495,5924742.0,0.927777171135,TRBAPHW128F42608B4,0.102720819414,sad
92,9.90236854553,0.155585840344,5.13771677017,1.83131814003,16.2622051239,0.455429971218,8.53745269775,0.164756983519,0.544486701488,37.5326576233,18.374628067,13.1930398941,0.231233805418,13.0204467773,2.68943047523,16.0630493164,0.551178634167,0.999495387077,0.098570227623,947.665710449,17.074432373,-8.36331182086e-09,0.0332316830754,0.000654862145893,0.0129445670173,0.00435106083751,0.0168514735997,7.36024570465,0.0841928571463,5.34579467773,0.00523948203772,877.338500977,1.67381727695,3934991.25,0.903624296188,TRBAPQS128F429B973,0.0418777354062,sad
93,14.249458313,0.190674364567,27.6189498901,1.13632071018,16.8997116089,0.448273271322,11.6466236115,5.48212575912,0.930011928082,33.5894050598,22.0611438751,17.1854476929,0.220205202699,17.5801181793,2.45230412483,36.0453300476,0.547822654247,0.995313346386,0.166605398059,1470.10241699,14.9536848068,-8.86789752741e-09,0.0354707203805,0.000918816309422,0.0143706761301,0.00449049472809,0.0171483755112,7.56023263931,0.0884219333529,6.49007606506,0.0050791236572,3591.34350586,1.91598236561,6739939.0,1.18521010876,TRBAYXK12903CD5DDD,0.152722597122,sad
94,12.7760715485,0.314971238375,11.9514780045,1.83065009117,5.34446907043,0.373349010944,13.6094207764,3.18982410431,0.977370798588,15.2981052399,9.20632839203,16.5918998718,0.429834961891,17.5782756805,2.12120914459,6.20194196701,0.480970144272,0.934067845345,0.136624068022,450.374359131,8.8341999054,-8.84817019653e-09,0.034229863435,8.88982231118e-06,0.0186141952872,0.00159240106586,0.0157949924469,5.88078927994,0.0417665317655,59.8887825012,0.00486711785197,466.14855957,5.20205974579,1776065.125,0.848130881786,TRBCGKB12903CFF680,0.0190111193806,sad
95,13.1155376434,0.189046904445,16.294046402,2.76798129082,13.0790290833,0.454375654459,10.1088237762,1.79523849487,0.598786056042,37.0816001892,13.7848052979,17.9638347626,0.289022535086,31.9224243164,3.76454925537,12.2609224319,0.495727717876,0.95339769125,0.0621954463422,768.042175293,12.8108444214,-8.96500207404e-09,0.0350863039494,0.000407047831686,0.0213636923581,0.00374223431572,0.0108664715663,7.12941789627,0.0864801555872,8.16955375671,0.00520725222304,745.196228027,2.13315749168,4416433.5,0.659751057625,TRBCHDS128E0781EDB,0.0364719741046,sad
96,12.6064653397,0.305192351341,2.9125521183,0.940928995609,4.94652509689,0.361745119095,14.3271131516,2.34441423416,0.47895821929,9.1674413681,11.3048171997,15.4605922699,0.381295859814,3.55359768867,1.11346530914,7.65442848206,0.503971159458,0.989658951759,0.200457394123,636.002685547,8.66610336304,-4.94902518966e-09,0.0197040252388,4.69311680718e-06,0.00219843373634,0.00443950062618,0.0136878984049,6.03813552856,0.0510145351291,47.2100448608,0.00377690349706,825.918273926,4.74887084961,1553037.875,1.57244265079,TRBCXLB128F4252906,0.0299290139228,sad
97,9.50971221924,0.100002430379,0.14809884131,1.01986026764,47.4850082397,0.491246044636,7.35398483276,1.44776260853,-1.1784055233,43.307636261,38.9853439331,15.9617271423,0.1629293859,11.0412826538,3.08309221268,40.6991996765,0.579646110535,1.0,0.0181394573301,2715.87280273,37.6302223206,-8.87471252042e-09,0.0370311848819,0.00310982950032,0.0192982070148,0.00670400168747,0.00913368258625,7.9463596344,0.112263694406,3.25024008751,0.0058110752143,3095.95214844,0.993534266949,4306911.5,0.360862672329,TRBDDTT128F4291192,0.0941238254309,sad
98,9.93037033081,0.156779378653,5.14294481277,0.975243806839,32.8079185486,0.480115860701,10.399723053,3.29012417793,0.0283780675381,28.5082836151,23.6171417236,14.8397665024,0.220240682364,13.2411670685,2.22194814682,43.6884651184,0.551867723465,0.996855974197,0.0693653002381,2077.77563477,18.7985858917,-3.94543819837e-09,0.0170331075788,0.00170804478694,0.0063866158016,0.00628607859835,0.00326358247548,7.4375834465,0.0634663179517,8.95506763458,0.00381040945649,2176.32421875,1.63817465305,3805401.75,0.967558681965,TRBDESV128F1467337,0.078574039042,sad
99,12.4701080322,0.223801538348,20.1004295349,2.54990887642,14.0647182465,0.42325463891,12.6971530914,9.26532077789,1.54858696461,30.4167442322,10.1485023499,15.3940858841,0.300005584955,36.5407867432,3.2853140831,15.123957634,0.503340005875,0.998343110085,0.372031360865,879.373596191,10.3983211517,-3.20014104105e-09,0.0129985893145,0.00038935628254,0.00378385395743,0.00287183071487,0.00645416975021,6.70282268524,0.038037262857,11.6799755096,0.00287124770693,1038.39929199,2.31241822243,4546061.0,0.683291554451,TRBDOPE128F422C1EB,0.0436289794743,sad
100,13.4351549149,0.324841201305,17.4944763184,2.48385620117,5.84218072891,0.394562035799,14.4788589478,6.0112953186,1.42943036556,22.9070339203,7.06650018692,18.2172622681,0.425237357616,28.3551559448,3.04271531105,6.91103172302,0.409423261881,0.982232451439,0.140781775117,486.202972412,6.1992058754,-6.22830809149e-09,0.0241480134428,8.08126933407e-05,0.0126745225862,0.000406476145145,0.0129027552903,5.90908956528,0.0351412110031,27.2513923645,0.00423712981865,627.20111084,3.57772088051,2903793.75,0.824948191643,TRBEABA128F1497E13,0.026700431481,sad
101,11.7860298157,0.22054849565,13.1728935242,2.58618783951,9.88178348541,0.435553997755,9.77281761169,1.7451364994,1.02449274063,33.8628807068,12.3582363129,16.4329071045,0.319370090961,25.6485710144,3.40467095375,8.63928604126,0.511551260948,0.978122532368,0.0412887819111,618.861083984,11.9197292328,-1.03509965044e-08,0.0401879809797,0.000240761306486,0.0222729537636,0.00202601542696,0.0173454284668,6.85138273239,0.0783492326736,9.92286014557,0.00585120404139,609.053161621,2.29518461227,3693151.75,0.684899568558,TRBEJBE128F4298F19,0.0277290139347,sad
102,10.8654060364,0.164294198155,8.93493270874,2.14796686172,20.6647396088,0.433891803026,10.7370386124,1.62451672554,0.777235507965,43.9244232178,21.7977848053,15.0761127472,0.234953805804,22.6911811829,3.27595543861,19.2621898651,0.501062512398,0.96113961935,0.100171148777,1103.04931641,12.256518364,-7.21802484449e-09,0.0292196664959,0.00129956717137,0.0113722719252,0.00337688880973,0.0140606658533,7.22024345398,0.0777943581343,6.26179647446,0.00467361975461,1582.16308594,1.84041392803,6185266.0,0.906354129314,TRBESGD128F9319B47,0.0665164142847,sad
103,12.1642780304,0.22516644001,23.3361186981,3.08916139603,6.67881727219,0.428975731134,10.0575304031,5.09773206711,1.46426725388,26.5063648224,30.7690029144,16.2931652069,0.346241861582,30.3190822601,3.29917860031,5.75564289093,0.576965272427,0.918082892895,0.0406721420586,457.047973633,10.4122591019,-9.47307210453e-09,0.0385443083942,0.000119693388115,0.023198120296,0.00107009022031,0.0169674288481,6.68934440613,0.071727283299,15.5722265244,0.00547466706485,626.306091309,2.96770977974,3475455.5,0.568998873234,TRBJNQN128F423EADE,0.083605363965,sad
104,9.19786071777,0.107250139117,1.33674895763,0.859429657459,29.3212947845,0.475180804729,8.60265541077,0.691834449768,0.00359304482117,31.7355861664,32.7587738037,12.7179899216,0.165969982743,6.1333360672,1.83791863918,33.4981384277,0.55424785614,1.0,0.095487549901,1758.19958496,31.9046039581,-8.11891709418e-09,0.0336140245199,0.00140653352719,0.0116230761632,0.0107128201053,0.0107557019219,7.73932790756,0.0923779830337,5.88771867752,0.00534905493259,1921.88415527,1.57449889183,4283696.0,1.27317845821,TRBKSIP128F14AE790,0.0722636058927,sad
105,10.5050430298,0.126560851932,4.7456870079,1.61907720566,26.0670223236,0.459026843309,11.4869632721,1.19407582283,0.674018204212,42.3221321106,32.9306030273,15.9537305832,0.193155556917,14.6571989059,2.67354035378,26.2756843567,0.52761900425,0.984089791775,0.0558068156242,1403.40124512,17.9840888977,-8.97344154538e-09,0.0368547141552,0.00225878925994,0.0137143051252,0.00450046360493,0.0166982132941,7.71164941788,0.0983694046736,3.28754377365,0.00556558463722,1623.8939209,1.40920841694,5820268.0,1.22891831398,TRBLDNL128F92F7C32,0.0758004784584,sad
106,7.55694198608,0.141555175185,4.27671051025,1.25598597527,23.1034908295,0.476934194565,8.24953937531,0.447031915188,-0.133045628667,20.1758575439,94.4665603638,10.4373455048,0.242704838514,4.34149694443,1.18377614021,25.7513523102,0.667420446873,0.975943028927,0.0398383364081,1185.17749023,31.5282917023,-1.00245118873e-08,0.0464032255113,0.000547864008695,0.0106726055965,0.0177471004426,0.0177568402141,7.37331914902,0.120076037943,32.387878418,0.0065289940685,2073.05371094,3.56987047195,2392711.75,1.74774336815,TRBMOKO128F4275462,0.161735460162,sad
107,12.0094442368,0.128901913762,6.00908088684,1.7090575695,27.1379241943,0.474352478981,7.03974628448,0.329652369022,0.00918646156788,40.4017105103,30.1667995453,17.8786315918,0.198801204562,20.0835456848,3.17638492584,26.6613559723,0.506676733494,0.977150559425,0.0683243721724,1746.66186523,22.4319000244,-8.38307201434e-09,0.0343756973743,0.00205873232335,0.0197086501867,0.00559078902006,0.00793182849884,7.82349348068,0.0975353345275,5.12306880951,0.00528718298301,1906.56384277,1.56556165218,5081210.0,0.726720690727,TRBPSBN128F9316CDF,0.0694633647799,sad
108,10.3386878967,0.185809060931,64.1339797974,1.02305209637,21.205493927,0.460762917995,9.01704788208,0.756719827652,-0.00542665738612,31.7983837128,14.5858764648,18.2090682983,0.243128314614,22.0406150818,2.77281498909,25.5707778931,0.494863271713,0.866626918316,0.415017873049,1623.7635498,12.2615013123,-8.1437585564e-09,0.0320592969656,0.000438865157776,0.0211564134806,0.00432182336226,0.00668136868626,7.3315076828,0.0509199090302,8.70180511475,0.00411334307864,2126.94042969,1.71549868584,3742570.0,0.7892100811,TRBRNPP128F92F0261,0.0702484846115,sad
109,9.82618141174,0.141863524914,6.21283340454,1.6744505167,19.2908382416,0.459163188934,9.57690525055,0.933042824268,0.444391310215,37.3683013916,19.6094799042,14.1440000534,0.217275470495,16.0905532837,2.70658183098,20.6059932709,0.557306885719,0.983890533447,0.0673066303134,1101.01281738,17.4264583588,-6.9736141306e-09,0.0280984994024,0.000901622523088,0.0106004821137,0.00519833015278,0.0131302410737,7.45914888382,0.0932177901268,6.01048851013,0.00472407322377,1364.25793457,1.82956242561,4953963.5,0.876398801804,TRBTUMT128F147738C,0.0574271641672,sad
110,12.3107700348,0.179241850972,10.860707283,1.99685072899,15.0818719864,0.435420930386,10.6257667542,2.13170862198,0.492516726255,28.6556892395,21.4460811615,17.4035797119,0.276037275791,17.6045436859,2.72359204292,15.4737052917,0.483346819878,0.932110309601,0.0404342934489,854.078430176,14.5632095337,-1.13639977428e-08,0.0448353923857,0.000556628161576,0.0237544942647,0.00785463862121,0.0141929350793,7.18699789047,0.0905891656876,9.18592166901,0.00604047207162,861.922973633,2.34896111488,4894580.5,1.06432044506,TRBTXZM128F42A8E35,0.0435271076858,sad
111,15.6494550705,0.312056928873,27.2550983429,3.64666962624,6.05693054199,0.415883660316,10.9596233368,2.97641658783,1.08903849125,28.7757759094,12.1673851013,19.9136238098,0.433131486177,46.7023048401,4.43660449982,5.90865421295,0.399313807487,0.714822471142,0.113188050687,491.882171631,8.25258350372,-1.92176230485e-08,0.0736349821091,0.000266660790658,0.0601781755686,0.000864628294948,0.0158921070397,6.26234340668,0.0682007223368,25.7561759949,0.00743116484955,495.954864502,3.56040120125,3409906.5,0.721465051174,TRBTYVY128F92F012A,0.0220970883965,sad
112,11.3336353302,0.13848695159,6.31242275238,1.88510763645,37.9291114807,0.490271091461,8.51961231232,1.35488915443,-0.96865516901,50.069858551,34.4794845581,19.2068862915,0.200534835458,31.019657135,4.37488603592,28.8882770538,0.476946026087,0.999840259552,0.00295550771989,2084.45922852,30.9131717682,-1.00866639485e-08,0.041196629405,0.00227436656132,0.0269610788673,0.00605740118772,0.00735897617415,7.87519216537,0.106332279742,3.03631615639,0.00616176286712,1978.13671875,1.17070531845,4785812.5,0.453897386789,TRBVNAD12903D1053A,0.0746613964438,sad
113,13.387922287,0.239179819822,12.6890287399,2.04777765274,12.6666555405,0.414239734411,14.5872402191,5.69191932678,1.12887537479,27.7123088837,8.26522922516,16.8361740112,0.308056801558,18.4654464722,2.62479019165,14.5662555695,0.441960334778,0.972940087318,0.286105185747,948.663879395,8.07099437714,-5.25508436766e-09,0.0205835588276,0.000120444958156,0.00855551846325,0.00156405055895,0.0106709618121,6.54487609863,0.0418055467308,13.726849556,0.00358551554382,966.443664551,2.30634522438,3230467.25,0.859923899174,TRBWMQT128F931A65F,0.0387167409062,sad
114,11.8569812775,0.137819439173,7.07071447372,1.71962058544,32.8165397644,0.459768861532,10.202996254,1.48510301113,0.44916164875,41.5190925598,25.0372619629,19.1022090912,0.202983468771,25.2503623962,3.13635492325,30.912279129,0.484752655029,0.939093768597,0.140463650227,1680.52832031,12.9286613464,-7.60522755883e-09,0.0309748817235,0.00140910071786,0.0176793970168,0.00533342314884,0.00620217388496,7.83237028122,0.0909812003374,3.39100623131,0.00470269145444,2178.46386719,1.57326745987,7114829.0,0.867831885815,TRBXCTB12903CA6A39,0.0902578905225,sad
115,10.3920660019,0.125241652131,5.60341024399,1.80006980896,21.06939888,0.459145218134,10.4700756073,1.23867154121,0.805321872234,41.9900665283,20.3036956787,13.9982357025,0.190186530352,17.1502761841,2.79899764061,20.0630340576,0.553534150124,0.999106526375,0.0265368111432,1202.37609863,16.9062728882,-7.22585369317e-09,0.0291136913002,0.000933906296268,0.0098772905767,0.00436787400395,0.0149140814319,7.70969724655,0.0979527533054,3.11793613434,0.00499747833237,1291.40258789,1.44897532463,5621095.0,1.11946690083,TRBXEKE128F4255978,0.0626606792212,sad
116,9.77631855011,0.105609409511,2.46351361275,1.16497945786,50.1319999695,0.478042393923,6.55020427704,-0.0784944966435,-0.372165739536,52.9245643616,119.973487854,18.0790882111,0.174446105957,20.0855369568,3.42655920982,42.7448654175,0.524443030357,0.84146130085,0.0753210708499,2316.09765625,26.993057251,-1.03346939895e-08,0.0498876087368,0.00636200327426,0.0297676194459,0.00531510449946,0.00707754865289,8.05143451691,0.107385501266,10.3681707382,0.00602730782703,6428.36376953,1.68718278408,7240088.0,0.90003913641,TRBYNBC128F9329CBE,0.168021291494,sad
117,10.9623918533,0.157065019011,12.2078866959,2.38445949554,21.2324943542,0.448837041855,8.90392971039,0.770080029964,0.588599145412,51.5099449158,20.1879768372,14.8399085999,0.239149987698,33.0735168457,3.7972946167,18.1283969879,0.513815224171,0.933353364468,0.0597314089537,1161.51025391,13.4556026459,-1.06442961112e-08,0.0420051068068,0.00113934651017,0.0260175969452,0.00376818142831,0.012126326561,7.39897871017,0.0959163755178,4.27266550064,0.00543749378994,1216.96801758,1.58662903309,5857018.0,0.674774825573,TRBYNYE128F4247E77,0.0578752271831,sad
118,12.0337648392,0.134809195995,7.12657785416,1.83085680008,28.2466888428,0.458732515574,9.49694156647,1.08036291599,0.237027078867,42.8319320679,27.968000412,17.7617969513,0.215252697468,24.1989688873,3.31372952461,25.5390949249,0.452861279249,0.919803619385,0.0736497566104,1515.06445312,16.4087562561,-1.05042072818e-08,0.0421820916235,0.00143462629057,0.024826509878,0.00561176659539,0.0106209814548,7.75675106049,0.114901468158,4.05885314941,0.00578262517229,1791.06115723,1.61360692978,6277845.5,0.712496161461,TRBYWFL12903CE8E27,0.0741721987724,sad
119,11.3051576614,0.234422892332,5.93136358261,1.33948171139,13.1735553741,0.412027597427,13.4455862045,5.855905056,0.379969060421,25.8365631104,20.3768482208,13.6743249893,0.326310217381,11.5234079361,1.93653821945,14.9671087265,0.510001122952,0.999850571156,0.0131021765992,799.597045898,14.4397449493,-1.098412028e-08,0.0433048605919,0.000634815136436,0.0192429460585,0.00539161171764,0.0208287220448,6.57082033157,0.0797324925661,23.5129985809,0.00618500448763,932.229858398,3.23066997528,3625555.25,1.31574773788,TRBYYGY128F930220B,0.0403983965516,sad
120,9.49597930908,0.123152025044,4.11534309387,1.36358559132,27.6770381927,0.470963150263,9.79350948334,1.19454705715,-0.144644469023,45.1208229065,24.7751407623,14.8804225922,0.186810478568,18.1411933899,2.96752095222,28.5501174927,0.54092413187,0.99732619524,0.0915775373578,1541.98950195,17.3674240112,-6.55253851178e-09,0.0269779954106,0.00118782941718,0.00995863135904,0.00724111031741,0.010980640538,7.74361419678,0.079224191606,3.7452454567,0.00471552275121,1691.10534668,1.363915205,5477030.0,1.23606061935,TRBZDPX128F1477655,0.0730693116784,sad
